{
  "average_scores": {
    "2-R": 30.358116986978036,
    "2-F": 34.45520569392608,
    "3-F": 28.79698678658286,
    "SU4-F": 25.436504296586904
  },
  "total_evaluations": {
    "2-R": 62,
    "2-F": 62,
    "3-F": 62,
    "SU4-F": 62
  }
}